SQL> select sal
  2  from(select sal,rownum sino
  3  from(select distinct sal from emp
  4  order by sal desc))
  5  where sino=3;

       SAL                                                                                          
----------                                                                                          
      2975                                                                                          

SQL> --2--
SQL> ed
Wrote file afiedt.buf

  1  select sal
  2  from(select sal,rownum sino
  3  from(select distinct sal from emp
  4  order by sal))
  5* where sino in (1,5)
SQL> /

       SAL                                                                                          
----------                                                                                          
       800                                                                                          
      1300                                                                                          

SQL> --3--
SQL> ed
Wrote file afiedt.buf

  1  select sal
  2  from(select sal,rownum sino
  3  from(select distinct sal from emp
  4  order by sal desc))
  5* where sino=1 or sino=(select count(distinct sal) from emp)
SQL> /

       SAL                                                                                          
----------                                                                                          
      5000                                                                                          
       800                                                                                          

SQL> --4--
SQL> ed
Wrote file afiedt.buf

  1  select sal
  2  from(select sal,rownum sino
  3  from(select distinct sal from emp
  4  order by sal desc))
  5* where sino=1 or sino=(select count(distinct sal) from emp)
SQL> ed
Wrote file afiedt.buf

  1  select sal
  2  from(select sal,rownum sino
  3  from(select distinct sal from emp
  4  order by sal))
  5* where sino<=(select count(*)*50/100 from emp)
SQL> /

       SAL                                                                                          
----------                                                                                          
       800                                                                                          
       950                                                                                          
      1100                                                                                          
      1250                                                                                          
      1300                                                                                          
      1500                                                                                          
      1600                                                                                          

7 rows selected.

SQL> --5--
SQL> ed
Wrote file afiedt.buf

  1  select sal
  2  from(select sal,rownum sino
  3  from(select distinct sal from emp
  4  order by sal desc))
  5* where sino<=(select count(*)*25/100 from emp)
SQL> /

       SAL                                                                                          
----------                                                                                          
      5000                                                                                          
      3000                                                                                          
      2975                                                                                          

SQL> ed
Wrote file afiedt.buf

  1  select sal
  2  from(select sal,rownum sino
  3  from(select distinct sal from emp
  4  order by sal desc))
  5* where sino<=(select count(distinct sal)*25/100 from emp)
SQL> /

       SAL                                                                                          
----------                                                                                          
      5000                                                                                          
      3000                                                                                          
      2975                                                                                          

SQL> --6--
SQL> ed
Wrote file afiedt.buf

  1  select sal
  2  from(select sal,rownum sino
  3  from(select distinct sal from emp
  4  order by sal desc))
  5* where sino<=(select count(distinct sal)*75/100 from emp)
SQL> /

       SAL                                                                                          
----------                                                                                          
      5000                                                                                          
      3000                                                                                          
      2975                                                                                          
      2850                                                                                          
      2450                                                                                          
      1600                                                                                          
      1500                                                                                          
      1300                                                                                          
      1250                                                                                          

9 rows selected.

SQL> --7--
SQL> ed
Wrote file afiedt.buf

  1  select sal
  2  from(select sal,rownum sino
  3  from(select distinct sal from emp
  4  order by sal desc))
  5* where sino<=(select count(*)*75/100 from emp)
SQL> 
SQL> /

       SAL                                                                                          
----------                                                                                          
      5000                                                                                          
      3000                                                                                          
      2975                                                                                          
      2850                                                                                          
      2450                                                                                          
      1600                                                                                          
      1500                                                                                          
      1300                                                                                          
      1250                                                                                          
      1100                                                                                          

10 rows selected.

SQL> --7--
SQL> ed
Wrote file afiedt.buf

  1  select sal
  2  from(select sal,rownum sino
  3  from(select distinct sal from emp
  4  order by sal))
  5* where sino>(select count(*)-3 from emp)
SQL> /

       SAL                                                                                          
----------                                                                                          
      5000                                                                                          

SQL> ed
Wrote file afiedt.buf

  1  select sal
  2  from(select sal,rownum sino
  3  from(select distinct sal from emp
  4  order by sal))
  5* where sino>(select count(distinct sal)-3 from emp)
SQL> /

       SAL                                                                                          
----------                                                                                          
      2975                                                                                          
      3000                                                                                          
      5000                                                                                          

SQL> ed
Wrote file afiedt.buf

  1  select sal
  2  from(select sal,rownum sino
  3  from(select distinct sal from emp
  4  order by sal))
  5* where sino>(select count(distinct sal)-3 from emp)
SQL> /

       SAL                                                                                          
----------                                                                                          
      2975                                                                                          
      3000                                                                                          
      5000                                                                                          

SQL> --8--
SQL> ed
Wrote file afiedt.buf

  1  select sal
  2  from(select sal,rownum sino
  3  from(select distinct sal from emp
  4  order by sal desc))
  5* where sino>(select count(distinct sal)*50/100 from emp)
SQL> /

       SAL                                                                                          
----------                                                                                          
      1500                                                                                          
      1300                                                                                          
      1250                                                                                          
      1100                                                                                          
       950                                                                                          
       800                                                                                          

6 rows selected.

SQL> --9--
SQL> ed
Wrote file afiedt.buf

  1  select sal
  2  from(select sal,rownum sino
  3  from(select distinct sal from emp
  4  order by sal))
  5* where sino>(select count(distinct sal)*25/100 from emp)
SQL> /

       SAL                                                                                          
----------                                                                                          
      1250                                                                                          
      1300                                                                                          
      1500                                                                                          
      1600                                                                                          
      2450                                                                                          
      2850                                                                                          
      2975                                                                                          
      3000                                                                                          
      5000                                                                                          

9 rows selected.

SQL> --10--
SQL> ed
Wrote file afiedt.buf

  1  select sal
  2  from(select sal,rownum sino
  3  from(select distinct sal from emp
  4  order by sal))
  5* where sino=1 or sino<=(select count(distinct sal)=3 from emp)
SQL> /
where sino=1 or sino<=(select count(distinct sal)=3 from emp)
                                                 *
ERROR at line 5:
ORA-00923: FROM keyword not found where expected 


SQL> ed
Wrote file afiedt.buf

  1  select sal
  2  from(select sal,rownum sino
  3  from(select distinct sal from emp
  4  order by sal))
  5* where sino=1 or sino=(select count(distinct sal)-3 from emp)
SQL> /

       SAL                                                                                          
----------                                                                                          
       800                                                                                          
      2850                                                                                          

SQL> --ed
SQL> ed
Wrote file afiedt.buf

  1  select sal
  2  from(select sal,rownum sino
  3  from(select distinct sal from emp
  4  order by sal desc))
  5* where sino=1 or sino=(select count(distinct sal)-3 from emp)
SQL> /

       SAL                                                                                          
----------                                                                                          
      5000                                                                                          
      1250                                                                                          

SQL> --11--
SQL> ed
Wrote file afiedt.buf

  1  select sal
  2  from(select sal,rownum sino
  3  from(select distinct sal from emp
  4  order by sal))
  5* where sino in(1,2,3) or sino>(select count(distinct sal)*25/100 from emp)
SQL> /

       SAL                                                                                          
----------                                                                                          
       800                                                                                          
       950                                                                                          
      1100                                                                                          
      1250                                                                                          
      1300                                                                                          
      1500                                                                                          
      1600                                                                                          
      2450                                                                                          
      2850                                                                                          
      2975                                                                                          
      3000                                                                                          
      5000                                                                                          

12 rows selected.

SQL> --12--
SQL> ed
Wrote file afiedt.buf

  1  select sal
  2  from(select sal,rownum sino
  3  from(select distinct sal from emp
  4  order by sal desc))
  5* where sino in(1,3,5) or sino=(select count(distinct sal)-2 from emp)
SQL> /

       SAL                                                                                          
----------                                                                                          
      5000                                                                                          
      2975                                                                                          
      2450                                                                                          
      1100                                                                                          

SQL> --13--
SQL> ed
Wrote file afiedt.buf

  1  select sal
  2  from(select sal,rownum sino
  3  from(select distinct sal from emp
  4  order by sal))
  5* where sino=(select count(distinct sal)-5 from emp)
SQL> /

       SAL                                                                                          
----------                                                                                          
      1600                                                                                          

SQL> ed
Wrote file afiedt.buf

  1  select sal
  2  from(select sal,rownum sino
  3  from(select distinct sal from emp
  4* order by sal))
SQL> /

       SAL                                                                                          
----------                                                                                          
       800                                                                                          
       950                                                                                          
      1100                                                                                          
      1250                                                                                          
      1300                                                                                          
      1500                                                                                          
      1600                                                                                          
      2450                                                                                          
      2850                                                                                          
      2975                                                                                          
      3000                                                                                          
      5000                                                                                          

12 rows selected.

SQL> ed
Wrote file afiedt.buf

  1  select sal
  2  from(select sal,rownum sino
  3  from(select distinct sal from emp
  4* order by sal))
SQL> /

       SAL                                                                                          
----------                                                                                          
       800                                                                                          
       950                                                                                          
      1100                                                                                          
      1250                                                                                          
      1300                                                                                          
      1500                                                                                          
      1600                                                                                          
      2450                                                                                          
      2850                                                                                          
      2975                                                                                          
      3000                                                                                          
      5000                                                                                          

12 rows selected.

SQL> spool off;
